date,cases,deaths,population,new_cases,new_deaths,cases_per_100k,deaths_per_100k,new_cases_per_100k,iso_3166_2_code,census_fips_code,retail_and_recreation_percent_change_from_baseline,grocery_and_pharmacy_percent_change_from_baseline,parks_percent_change_from_baseline,transit_stations_percent_change_from_baseline,workplaces_percent_change_from_baseline,residential_percent_change_from_baseline,overall_pct_change,State,AREA_SQMI,TotalPop,White,IncomePerCap,Poverty,ChildPoverty,Service,Production,dem_gop_diff_16,FBFilterBubble
2020-02-15,13,1,328239523,0.0,1.0,0.003960522450552062,0.0003046555731193894,0.0,,,6.0,2.0,15.0,3.0,2.0,-1.0,0.0,ALARAZCACOCTDCDEFLGAHIIAIDILINKSKYLAMAMDMEMIMNMOMSMTNCNDNENHNJNMNVNYOHOKORPARISCSDTNTXUTVAVTWAWIWVWY,2959289.255,315696278,62.32524434671985,28920.05805419727,15.50993894961283,21.656630824770122,18.30703884700218,12.358339773014363,-0.025768656147363567,309.42207776075804
2020-02-16,13,1,328239523,0.0,1.0,0.003960522450552062,0.0003046555731193894,0.0,,,7.0,1.0,16.0,2.0,0.0,-1.0,0.0,ALARAZCACOCTDCDEFLGAHIIAIDILINKSKYLAMAMDMEMIMNMOMSMTNCNDNENHNJNMNVNYOHOKORPARISCSDTNTXUTVAVTWAWIWVWY,2959289.255,315696278,62.32524434671985,28920.05805419727,15.50993894961283,21.656630824770122,18.30703884700218,12.358339773014363,-0.025768656147363567,309.42207776075804
2020-02-17,13,2,328239523,0.0,2.0,0.003960522450552062,0.0006093111462387788,0.0,,,6.0,0.0,28.0,-9.0,-24.0,5.0,0.0,ALARAZCACOCTDCDEFLGAHIIAIDILINKSKYLAMAMDMEMIMNMOMSMTNCNDNENHNJNMNVNYOHOKORPARISCSDTNTXUTVAVTWAWIWVWY,2959289.255,315696278,62.32524434671985,28920.05805419727,15.50993894961283,21.656630824770122,18.30703884700218,12.358339773014363,-0.025768656147363567,309.42207776075804
2020-02-18,14,2,328239523,0.0,2.0,0.004265178023671452,0.0006093111462387788,0.0,,,0.0,-1.0,6.0,1.0,0.0,1.0,0.0,ALARAZCACOCTDCDEFLGAHIIAIDILINKSKYLAMAMDMEMIMNMOMSMTNCNDNENHNJNMNVNYOHOKORPARISCSDTNTXUTVAVTWAWIWVWY,2959289.255,315696278,62.32524434671985,28920.05805419727,15.50993894961283,21.656630824770122,18.30703884700218,12.358339773014363,-0.025768656147363567,309.42207776075804
2020-02-19,14,2,328239523,0.0,2.0,0.004265178023671452,0.0006093111462387788,0.0,,,2.0,0.0,8.0,1.0,1.0,0.0,0.0,ALARAZCACOCTDCDEFLGAHIIAIDILINKSKYLAMAMDMEMIMNMOMSMTNCNDNENHNJNMNVNYOHOKORPARISCSDTNTXUTVAVTWAWIWVWY,2959289.255,315696278,62.32524434671985,28920.05805419727,15.50993894961283,21.656630824770122,18.30703884700218,12.358339773014363,-0.025768656147363567,309.42207776075804
2020-02-20,14,2,328239523,0.0,2.0,0.004265178023671452,0.0006093111462387788,0.0,,,1.0,0.0,4.0,0.0,0.0,1.0,0.0,ALARAZCACOCTDCDEFLGAHIIAIDILINKSKYLAMAMDMEMIMNMOMSMTNCNDNENHNJNMNVNYOHOKORPARISCSDTNTXUTVAVTWAWIWVWY,2959289.255,315696278,62.32524434671985,28920.05805419727,15.50993894961283,21.656630824770122,18.30703884700218,12.358339773014363,-0.025768656147363567,309.42207776075804
2020-02-21,17,2,328239523,2.4285714285714284,0.5714285714285714,0.00517914474302962,0.0006093111462387788,0.0007398778204328028,,,2.0,-2.0,4.0,1.0,0.0,0.0,2.0952380952380953,ALARAZCACOCTDCDEFLGAHIIAIDILINKSKYLAMAMDMEMIMNMOMSMTNCNDNENHNJNMNVNYOHOKORPARISCSDTNTXUTVAVTWAWIWVWY,2959289.255,315696278,62.32524434671985,28920.05805419727,15.50993894961283,21.656630824770122,18.30703884700218,12.358339773014363,-0.025768656147363567,309.42207776075804
2020-02-22,17,2,328239523,0.5714285714285714,0.2857142857142858,0.00517914474302962,0.0006093111462387788,0.00017408889892536536,,,7.0,3.0,23.0,5.0,4.0,-1.0,2.4285714285714284,ALARAZCACOCTDCDEFLGAHIIAIDILINKSKYLAMAMDMEMIMNMOMSMTNCNDNENHNJNMNVNYOHOKORPARISCSDTNTXUTVAVTWAWIWVWY,2959289.255,315696278,62.32524434671985,28920.05805419727,15.50993894961283,21.656630824770122,18.30703884700218,12.358339773014363,-0.025768656147363567,309.42207776075804
2020-02-23,17,2,328239523,0.5714285714285714,0.1428571428571428,0.00517914474302962,0.0006093111462387788,0.00017408889892536536,,,7.0,3.0,23.0,5.0,2.0,-1.0,2.761904761904762,ALARAZCACOCTDCDEFLGAHIIAIDILINKSKYLAMAMDMEMIMNMOMSMTNCNDNENHNJNMNVNYOHOKORPARISCSDTNTXUTVAVTWAWIWVWY,2959289.255,315696278,62.32524434671985,28920.05805419727,15.50993894961283,21.656630824770122,18.30703884700218,12.358339773014363,-0.025768656147363567,309.42207776075804
2020-02-24,18,2,328239523,0.7142857142857143,0.0,0.005483800316149009,0.0006093111462387788,0.00021761112365670674,,,2.0,1.0,9.0,1.0,3.0,0.0,3.0,ALARAZCACOCTDCDEFLGAHIIAIDILINKSKYLAMAMDMEMIMNMOMSMTNCNDNENHNJNMNVNYOHOKORPARISCSDTNTXUTVAVTWAWIWVWY,2959289.255,315696278,62.32524434671985,28920.05805419727,15.50993894961283,21.656630824770122,18.30703884700218,12.358339773014363,-0.025768656147363567,309.42207776075804
2020-02-25,18,2,328239523,0.5714285714285714,0.0,0.005483800316149009,0.0006093111462387788,0.00017408889892536536,,,4.0,1.0,9.0,2.0,2.0,0.0,3.261904761904762,ALARAZCACOCTDCDEFLGAHIIAIDILINKSKYLAMAMDMEMIMNMOMSMTNCNDNENHNJNMNVNYOHOKORPARISCSDTNTXUTVAVTWAWIWVWY,2959289.255,315696278,62.32524434671985,28920.05805419727,15.50993894961283,21.656630824770122,18.30703884700218,12.358339773014363,-0.025768656147363567,309.42207776075804
2020-02-26,20,2,328239523,0.8571428571428571,0.0,0.006093111462387788,0.0006093111462387788,0.00026113334838804805,,,7.0,2.0,5.0,3.0,2.0,-1.0,3.4047619047619047,ALARAZCACOCTDCDEFLGAHIIAIDILINKSKYLAMAMDMEMIMNMOMSMTNCNDNENHNJNMNVNYOHOKORPARISCSDTNTXUTVAVTWAWIWVWY,2959289.255,315696278,62.32524434671985,28920.05805419727,15.50993894961283,21.656630824770122,18.30703884700218,12.358339773014363,-0.025768656147363567,309.42207776075804
2020-02-27,21,2,328239523,1.0,0.0,0.0063977670355071774,0.0006093111462387788,0.0003046555731193894,,,8.0,3.0,12.0,4.0,2.0,0.0,3.952380952380952,ALARAZCACOCTDCDEFLGAHIIAIDILINKSKYLAMAMDMEMIMNMOMSMTNCNDNENHNJNMNVNYOHOKORPARISCSDTNTXUTVAVTWAWIWVWY,2959289.255,315696278,62.32524434671985,28920.05805419727,15.50993894961283,21.656630824770122,18.30703884700218,12.358339773014363,-0.025768656147363567,309.42207776075804
2020-02-28,23,2,328239523,0.8571428571428571,0.0,0.007007078181745956,0.0006093111462387788,0.00026113334838804805,,,8.0,3.0,10.0,5.0,2.0,-1.0,4.476190476190476,ALARAZCACOCTDCDEFLGAHIIAIDILINKSKYLAMAMDMEMIMNMOMSMTNCNDNENHNJNMNVNYOHOKORPARISCSDTNTXUTVAVTWAWIWVWY,2959289.255,315696278,62.32524434671985,28920.05805419727,15.50993894961283,21.656630824770122,18.30703884700218,12.358339773014363,-0.025768656147363567,309.42207776075804
2020-02-29,34,3,328239523,2.4285714285714284,1.0,0.01035828948605924,0.0009139667193581682,0.0007398778204328028,,,12.0,7.0,21.0,7.0,4.0,-2.0,4.666666666666666,ALARAZCACOCTDCDEFLGAHIIAIDILINKSKYLAMAMDMEMIMNMOMSMTNCNDNENHNJNMNVNYOHOKORPARISCSDTNTXUTVAVTWAWIWVWY,2959289.255,315696278,62.32524434671985,28920.05805419727,15.50993894961283,21.656630824770122,18.30703884700218,12.358339773014363,-0.025768656147363567,309.42207776075804
2020-03-01,40,3,328239523,3.2857142857142856,0.8571428571428572,0.012186222924775576,0.0009139667193581682,0.001001011168820851,,,13.0,9.0,18.0,7.0,3.0,-1.0,4.904761904761904,ALARAZCACOCTDCDEFLGAHIIAIDILINKSKYLAMAMDMEMIMNMOMSMTNCNDNENHNJNMNVNYOHOKORPARISCSDTNTXUTVAVTWAWIWVWY,2959289.255,315696278,62.32524434671985,28920.05805419727,15.50993894961283,21.656630824770122,18.30703884700218,12.358339773014363,-0.025768656147363567,309.42207776075804
2020-03-02,62,8,328239523,6.285714285714286,5.714285714285714,0.018888645533402144,0.002437244584955115,0.001914977888179019,,,7.0,6.0,10.0,2.0,3.0,-1.0,5.166666666666666,ALARAZCACOCTDCDEFLGAHIIAIDILINKSKYLAMAMDMEMIMNMOMSMTNCNDNENHNJNMNVNYOHOKORPARISCSDTNTXUTVAVTWAWIWVWY,2959289.255,315696278,62.32524434671985,28920.05805419727,15.50993894961283,21.656630824770122,18.30703884700218,12.358339773014363,-0.025768656147363567,309.42207776075804
2020-03-03,81,9,328239523,9.0,5.857142857142858,0.02467710142267054,0.0027419001580745047,0.0027419001580745047,,,11.0,10.0,20.0,3.0,2.0,-1.0,5.809523809523809,ALARAZCACOCTDCDEFLGAHIIAIDILINKSKYLAMAMDMEMIMNMOMSMTNCNDNENHNJNMNVNYOHOKORPARISCSDTNTXUTVAVTWAWIWVWY,2959289.255,315696278,62.32524434671985,28920.05805419727,15.50993894961283,21.656630824770122,18.30703884700218,12.358339773014363,-0.025768656147363567,309.42207776075804
2020-03-04,116,13,328239523,13.714285714285714,8.857142857142858,0.03534004648184917,0.003960522450552062,0.004178133574208769,,,8.0,6.0,17.0,2.0,3.0,-1.0,6.214285714285714,ALARAZCACOCTDCDEFLGAHIIAIDILINKSKYLAMAMDMEMIMNMOMSMTNCNDNENHNJNMNVNYOHOKORPARISCSDTNTXUTVAVTWAWIWVWY,2959289.255,315696278,62.32524434671985,28920.05805419727,15.50993894961283,21.656630824770122,18.30703884700218,12.358339773014363,-0.025768656147363567,309.42207776075804
2020-03-05,182,14,328239523,23.0,8.285714285714285,0.055447314307728875,0.004265178023671452,0.007007078181745956,,,8.0,7.0,21.0,2.0,3.0,-1.0,6.476190476190475,ALARAZCACOCTDCDEFLGAHIIAIDILINKSKYLAMAMDMEMIMNMOMSMTNCNDNENHNJNMNVNYOHOKORPARISCSDTNTXUTVAVTWAWIWVWY,2959289.255,315696278,62.32524434671985,28920.05805419727,15.50993894961283,21.656630824770122,18.30703884700218,12.358339773014363,-0.025768656147363567,309.42207776075804
2020-03-06,231,19,328239523,29.714285714285715,11.571428571428571,0.07037543739057896,0.005788455889268399,0.009052622744118999,,,5.0,3.0,12.0,2.0,2.0,-1.0,6.3809523809523805,ALARAZCACOCTDCDEFLGAHIIAIDILINKSKYLAMAMDMEMIMNMOMSMTNCNDNENHNJNMNVNYOHOKORPARISCSDTNTXUTVAVTWAWIWVWY,2959289.255,315696278,62.32524434671985,28920.05805419727,15.50993894961283,21.656630824770122,18.30703884700218,12.358339773014363,-0.025768656147363567,309.42207776075804
2020-03-07,355,22,328239523,45.857142857142854,12.142857142857142,0.10815272845738323,0.006702422608626567,0.01397063413876057,,,10.0,8.0,29.0,7.0,5.0,-1.0,6.595238095238095,ALARAZCACOCTDCDEFLGAHIIAIDILINKSKYLAMAMDMEMIMNMOMSMTNCNDNENHNJNMNVNYOHOKORPARISCSDTNTXUTVAVTWAWIWVWY,2959289.255,315696278,62.32524434671985,28920.05805419727,15.50993894961283,21.656630824770122,18.30703884700218,12.358339773014363,-0.025768656147363567,309.42207776075804
2020-03-08,471,25,328239523,61.57142857142857,12.428571428571429,0.1434927749392324,0.007616389327984735,0.01875807885920812,,,10.0,7.0,40.0,5.0,2.0,-1.0,6.928571428571429,ALARAZCACOCTDCDEFLGAHIIAIDILINKSKYLAMAMDMEMIMNMOMSMTNCNDNENHNJNMNVNYOHOKORPARISCSDTNTXUTVAVTWAWIWVWY,2959289.255,315696278,62.32524434671985,28920.05805419727,15.50993894961283,21.656630824770122,18.30703884700218,12.358339773014363,-0.025768656147363567,309.42207776075804
2020-03-09,730,31,328239523,95.42857142857143,15.285714285714286,0.22239856837715427,0.009444322766701072,0.02907284612053602,,,6.0,6.0,31.0,-1.0,0.0,0.0,7.285714285714286,ALARAZCACOCTDCDEFLGAHIIAIDILINKSKYLAMAMDMEMIMNMOMSMTNCNDNENHNJNMNVNYOHOKORPARISCSDTNTXUTVAVTWAWIWVWY,2959289.255,315696278,62.32524434671985,28920.05805419727,15.50993894961283,21.656630824770122,18.30703884700218,12.358339773014363,-0.025768656147363567,309.42207776075804
2020-03-10,1005,34,328239523,132.0,15.0,0.3061788509849864,0.01035828948605924,0.0402145356517594,,,6.0,7.0,18.0,-3.0,-2.0,1.0,6.857142857142857,ALARAZCACOCTDCDEFLGAHIIAIDILINKSKYLAMAMDMEMIMNMOMSMTNCNDNENHNJNMNVNYOHOKORPARISCSDTNTXUTVAVTWAWIWVWY,2959289.255,315696278,62.32524434671985,28920.05805419727,15.50993894961283,21.656630824770122,18.30703884700218,12.358339773014363,-0.025768656147363567,309.42207776075804
2020-03-11,1234,40,328239523,159.71428571428572,17.428571428571427,0.3759449772293265,0.012186222924775576,0.048657847249639626,,,8.0,10.0,26.0,-2.0,-1.0,0.0,7.0,ALARAZCACOCTDCDEFLGAHIIAIDILINKSKYLAMAMDMEMIMNMOMSMTNCNDNENHNJNMNVNYOHOKORPARISCSDTNTXUTVAVTWAWIWVWY,2959289.255,315696278,62.32524434671985,28920.05805419727,15.50993894961283,21.656630824770122,18.30703884700218,12.358339773014363,-0.025768656147363567,309.42207776075804
2020-03-12,1621,44,328239523,205.57142857142858,17.571428571428573,0.4938466840265302,0.013404845217253134,0.0626284813884002,,,6.0,23.0,19.0,-6.0,-3.0,1.0,7.0,ALARAZCACOCTDCDEFLGAHIIAIDILINKSKYLAMAMDMEMIMNMOMSMTNCNDNENHNJNMNVNYOHOKORPARISCSDTNTXUTVAVTWAWIWVWY,2959289.255,315696278,62.32524434671985,28920.05805419727,15.50993894961283,21.656630824770122,18.30703884700218,12.358339773014363,-0.025768656147363567,309.42207776075804
2020-03-13,2150,51,328239523,274.14285714285717,20.285714285714285,0.6550094822066872,0.01553743422908886,0.08351914925944405,,,2.0,26.0,4.0,-10.0,-7.0,3.0,6.8809523809523805,ALARAZCACOCTDCDEFLGAHIIAIDILINKSKYLAMAMDMEMIMNMOMSMTNCNDNENHNJNMNVNYOHOKORPARISCSDTNTXUTVAVTWAWIWVWY,2959289.255,315696278,62.32524434671985,28920.05805419727,15.50993894961283,21.656630824770122,18.30703884700218,12.358339773014363,-0.025768656147363567,309.42207776075804
2020-03-14,2883,60,328239523,361.14285714285717,24.714285714285715,0.8783220173031997,0.018279334387163365,0.11002418412083093,,,-6.0,18.0,3.0,-10.0,-1.0,3.0,5.666666666666666,ALARAZCACOCTDCDEFLGAHIIAIDILINKSKYLAMAMDMEMIMNMOMSMTNCNDNENHNJNMNVNYOHOKORPARISCSDTNTXUTVAVTWAWIWVWY,2959289.255,315696278,62.32524434671985,28920.05805419727,15.50993894961283,21.656630824770122,18.30703884700218,12.358339773014363,-0.025768656147363567,309.42207776075804
2020-03-15,3449,67,328239523,425.42857142857144,26.285714285714285,1.050757071688774,0.02041192339899909,0.1296091852499345,,,-9.0,12.0,5.0,-13.0,-7.0,3.0,3.952380952380952,ALARAZCACOCTDCDEFLGAHIIAIDILINKSKYLAMAMDMEMIMNMOMSMTNCNDNENHNJNMNVNYOHOKORPARISCSDTNTXUTVAVTWAWIWVWY,2959289.255,315696278,62.32524434671985,28920.05805419727,15.50993894961283,21.656630824770122,18.30703884700218,12.358339773014363,-0.025768656147363567,309.42207776075804
2020-03-16,4358,92,328239523,518.2857142857143,45.285714285714285,1.327688987654299,0.028028312726983824,0.1578986313253064,,,-8.0,21.0,-1.0,-22.0,-20.0,8.0,2.428571428571428,ALARAZCACOCTDCDEFLGAHIIAIDILINKSKYLAMAMDMEMIMNMOMSMTNCNDNENHNJNMNVNYOHOKORPARISCSDTNTXUTVAVTWAWIWVWY,2959289.255,315696278,62.32524434671985,28920.05805419727,15.50993894961283,21.656630824770122,18.30703884700218,12.358339773014363,-0.025768656147363567,309.42207776075804
2020-03-17,6133,105,328239523,732.5714285714286,49.57142857142857,1.8684526299412152,0.03198883517753589,0.22318196842231838,,,-18.0,14.0,8.0,-26.0,-27.0,11.0,0.8809523809523806,ALARAZCACOCTDCDEFLGAHIIAIDILINKSKYLAMAMDMEMIMNMOMSMTNCNDNENHNJNMNVNYOHOKORPARISCSDTNTXUTVAVTWAWIWVWY,2959289.255,315696278,62.32524434671985,28920.05805419727,15.50993894961283,21.656630824770122,18.30703884700218,12.358339773014363,-0.025768656147363567,309.42207776075804
2020-03-18,8888,136,328239523,1093.4285714285713,70.42857142857143,2.707778733885133,0.04143315794423696,0.3331191080936866,,,-24.0,8.0,6.0,-30.0,-31.0,13.0,-1.4761904761904765,ALARAZCACOCTDCDEFLGAHIIAIDILINKSKYLAMAMDMEMIMNMOMSMTNCNDNENHNJNMNVNYOHOKORPARISCSDTNTXUTVAVTWAWIWVWY,2959289.255,315696278,62.32524434671985,28920.05805419727,15.50993894961283,21.656630824770122,18.30703884700218,12.358339773014363,-0.025768656147363567,309.42207776075804
2020-03-19,13752,176,328239523,1733.0,96.71428571428571,4.189623441537843,0.05361938086901254,0.5279681082159018,,,-28.0,7.0,2.0,-36.0,-33.0,15.0,-4.166666666666667,ALARAZCACOCTDCDEFLGAHIIAIDILINKSKYLAMAMDMEMIMNMOMSMTNCNDNENHNJNMNVNYOHOKORPARISCSDTNTXUTVAVTWAWIWVWY,2959289.255,315696278,62.32524434671985,28920.05805419727,15.50993894961283,21.656630824770122,18.30703884700218,12.358339773014363,-0.025768656147363567,309.42207776075804
2020-03-20,18638,214,328239523,2355.4285714285716,115.85714285714286,5.678170571799179,0.06519629264754934,0.7175944413703561,,,-32.0,5.0,-2.0,-37.0,-36.0,16.0,-6.642857142857143,ALARAZCACOCTDCDEFLGAHIIAIDILINKSKYLAMAMDMEMIMNMOMSMTNCNDNENHNJNMNVNYOHOKORPARISCSDTNTXUTVAVTWAWIWVWY,2959289.255,315696278,62.32524434671985,28920.05805419727,15.50993894961283,21.656630824770122,18.30703884700218,12.358339773014363,-0.025768656147363567,309.42207776075804
2020-03-21,25790,267,328239523,3272.4285714285716,145.57142857142856,7.8570672307490526,0.08134303802287697,0.9969636019208361,,,-40.0,-2.0,-3.0,-36.0,-24.0,12.0,-9.023809523809524,ALARAZCACOCTDCDEFLGAHIIAIDILINKSKYLAMAMDMEMIMNMOMSMTNCNDNENHNJNMNVNYOHOKORPARISCSDTNTXUTVAVTWAWIWVWY,2959289.255,315696278,62.32524434671985,28920.05805419727,15.50993894961283,21.656630824770122,18.30703884700218,12.358339773014363,-0.025768656147363567,309.42207776075804
2020-03-22,32925,374,328239523,4210.857142857143,223.0,10.030784744955897,0.11394118434665164,1.2828610961810176,,,-44.0,-13.0,-12.0,-44.0,-31.0,11.0,-11.976190476190476,ALARAZCACOCTDCDEFLGAHIIAIDILINKSKYLAMAMDMEMIMNMOMSMTNCNDNENHNJNMNVNYOHOKORPARISCSDTNTXUTVAVTWAWIWVWY,2959289.255,315696278,62.32524434671985,28920.05805419727,15.50993894961283,21.656630824770122,18.30703884700218,12.358339773014363,-0.025768656147363567,309.42207776075804
2020-03-23,42732,513,328239523,5482.0,318.1428571428571,13.018541950537749,0.15628830901024676,1.6701218518404928,,,-38.0,-10.0,-23.0,-47.0,-41.0,17.0,-14.833333333333332,ALARAZCACOCTDCDEFLGAHIIAIDILINKSKYLAMAMDMEMIMNMOMSMTNCNDNENHNJNMNVNYOHOKORPARISCSDTNTXUTVAVTWAWIWVWY,2959289.255,315696278,62.32524434671985,28920.05805419727,15.50993894961283,21.656630824770122,18.30703884700218,12.358339773014363,-0.025768656147363567,309.42207776075804
2020-03-24,52665,704,328239523,6647.428571428572,449.0,16.044685758332644,0.21447752347605015,2.0251761611987757,,,-39.0,-12.0,-10.0,-46.0,-45.0,19.0,-17.095238095238095,ALARAZCACOCTDCDEFLGAHIIAIDILINKSKYLAMAMDMEMIMNMOMSMTNCNDNENHNJNMNVNYOHOKORPARISCSDTNTXUTVAVTWAWIWVWY,2959289.255,315696278,62.32524434671985,28920.05805419727,15.50993894961283,21.656630824770122,18.30703884700218,12.358339773014363,-0.025768656147363567,309.42207776075804
2020-03-25,66854,951,328239523,8280.857142857143,610.4285714285714,20.36744368532366,0.2897274500365393,2.5228092787769323,,,-40.0,-15.0,-7.0,-47.0,-46.0,19.0,-18.952380952380956,ALARAZCACOCTDCDEFLGAHIIAIDILINKSKYLAMAMDMEMIMNMOMSMTNCNDNENHNJNMNVNYOHOKORPARISCSDTNTXUTVAVTWAWIWVWY,2959289.255,315696278,62.32524434671985,28920.05805419727,15.50993894961283,21.656630824770122,18.30703884700218,12.358339773014363,-0.025768656147363567,309.42207776075804
2020-03-26,82978,1206,328239523,9889.42857142857,749.0,25.279710146300694,0.36741462118198365,3.0128695292518355,,,-40.0,-14.0,3.0,-48.0,-47.0,20.0,-20.21428571428572,ALARAZCACOCTDCDEFLGAHIIAIDILINKSKYLAMAMDMEMIMNMOMSMTNCNDNENHNJNMNVNYOHOKORPARISCSDTNTXUTVAVTWAWIWVWY,2959289.255,315696278,62.32524434671985,28920.05805419727,15.50993894961283,21.656630824770122,18.30703884700218,12.358339773014363,-0.025768656147363567,309.42207776075804
2020-03-27,99421,1565,328239523,11540.42857142857,960.8571428571429,30.289161735102812,0.4767859719318444,3.5158558804719475,,,-42.0,-16.0,-7.0,-49.0,-46.0,21.0,-21.476190476190478,ALARAZCACOCTDCDEFLGAHIIAIDILINKSKYLAMAMDMEMIMNMOMSMTNCNDNENHNJNMNVNYOHOKORPARISCSDTNTXUTVAVTWAWIWVWY,2959289.255,315696278,62.32524434671985,28920.05805419727,15.50993894961283,21.656630824770122,18.30703884700218,12.358339773014363,-0.025768656147363567,309.42207776075804
2020-03-28,119065,2083,328239523,13325.0,1285.857142857143,36.2738158134601,0.6345975588076881,4.059535511815864,,,-48.0,-19.0,-25.0,-49.0,-34.0,15.0,-23.071428571428573,ALARAZCACOCTDCDEFLGAHIIAIDILINKSKYLAMAMDMEMIMNMOMSMTNCNDNENHNJNMNVNYOHOKORPARISCSDTNTXUTVAVTWAWIWVWY,2959289.255,315696278,62.32524434671985,28920.05805419727,15.50993894961283,21.656630824770122,18.30703884700218,12.358339773014363,-0.025768656147363567,309.42207776075804
2020-03-29,136732,2350,328239523,14829.57142857143,1293.4285714285713,41.656165823760354,0.7159405968305651,4.517911582686351,,,-47.0,-22.0,-19.0,-51.0,-38.0,12.0,-23.833333333333336,ALARAZCACOCTDCDEFLGAHIIAIDILINKSKYLAMAMDMEMIMNMOMSMTNCNDNENHNJNMNVNYOHOKORPARISCSDTNTXUTVAVTWAWIWVWY,2959289.255,315696278,62.32524434671985,28920.05805419727,15.50993894961283,21.656630824770122,18.30703884700218,12.358339773014363,-0.025768656147363567,309.42207776075804
2020-03-30,157656,2798,328239523,16417.714285714286,1459.142857142857,48.03077903571046,0.8524262935880516,5.001748155024672,,,-40.0,-18.0,-15.0,-50.0,-48.0,19.0,-24.071428571428577,ALARAZCACOCTDCDEFLGAHIIAIDILINKSKYLAMAMDMEMIMNMOMSMTNCNDNENHNJNMNVNYOHOKORPARISCSDTNTXUTVAVTWAWIWVWY,2959289.255,315696278,62.32524434671985,28920.05805419727,15.50993894961283,21.656630824770122,18.30703884700218,12.358339773014363,-0.025768656147363567,309.42207776075804
2020-03-31,180943,3520,328239523,18325.428571428572,1854.7142857142858,55.125293366941676,1.0723876173802507,5.582943944087005,,,-40.0,-16.0,-16.0,-49.0,-49.0,20.0,-24.47619047619048,ALARAZCACOCTDCDEFLGAHIIAIDILINKSKYLAMAMDMEMIMNMOMSMTNCNDNENHNJNMNVNYOHOKORPARISCSDTNTXUTVAVTWAWIWVWY,2959289.255,315696278,62.32524434671985,28920.05805419727,15.50993894961283,21.656630824770122,18.30703884700218,12.358339773014363,-0.025768656147363567,309.42207776075804
2020-04-01,205529,4494,328239523,19810.714285714286,2426.4285714285716,62.615555287654985,1.369122145598536,6.035444514618761,,,-37.0,-11.0,-7.0,-48.0,-49.0,20.0,-24.380952380952387,ALARAZCACOCTDCDEFLGAHIIAIDILINKSKYLAMAMDMEMIMNMOMSMTNCNDNENHNJNMNVNYOHOKORPARISCSDTNTXUTVAVTWAWIWVWY,2959289.255,315696278,62.32524434671985,28920.05805419727,15.50993894961283,21.656630824770122,18.30703884700218,12.358339773014363,-0.025768656147363567,309.42207776075804
2020-04-02,233841,5415,328239523,21551.85714285714,2841.285714285714,71.24096387381114,1.6497099284414936,6.565893389644349,,,-40.0,-11.0,-9.0,-51.0,-50.0,21.0,-24.714285714285722,ALARAZCACOCTDCDEFLGAHIIAIDILINKSKYLAMAMDMEMIMNMOMSMTNCNDNENHNJNMNVNYOHOKORPARISCSDTNTXUTVAVTWAWIWVWY,2959289.255,315696278,62.32524434671985,28920.05805419727,15.50993894961283,21.656630824770122,18.30703884700218,12.358339773014363,-0.025768656147363567,309.42207776075804
2020-04-03,269391,6441,328239523,24281.428571428572,3266.0,82.07146949820543,1.9622865464619872,7.397472537586088,,,-42.0,-12.0,-21.0,-51.0,-50.0,22.0,-25.07142857142858,ALARAZCACOCTDCDEFLGAHIIAIDILINKSKYLAMAMDMEMIMNMOMSMTNCNDNENHNJNMNVNYOHOKORPARISCSDTNTXUTVAVTWAWIWVWY,2959289.255,315696278,62.32524434671985,28920.05805419727,15.50993894961283,21.656630824770122,18.30703884700218,12.358339773014363,-0.025768656147363567,309.42207776075804
2020-04-04,302647,7761,328239523,26226.0,3889.4285714285716,92.20309523786385,2.364431902979581,7.989897060629106,,,-48.0,-15.0,-24.0,-50.0,-37.0,15.0,-25.047619047619058,ALARAZCACOCTDCDEFLGAHIIAIDILINKSKYLAMAMDMEMIMNMOMSMTNCNDNENHNJNMNVNYOHOKORPARISCSDTNTXUTVAVTWAWIWVWY,2959289.255,315696278,62.32524434671985,28920.05805419727,15.50993894961283,21.656630824770122,18.30703884700218,12.358339773014363,-0.025768656147363567,309.42207776075804
2020-04-05,328343,9196,328239523,27373.0,4513.285714285715,100.03152484473968,2.801612650405905,8.339337002997047,,,-49.0,-20.0,-20.0,-54.0,-40.0,13.0,-25.16666666666668,ALARAZCACOCTDCDEFLGAHIIAIDILINKSKYLAMAMDMEMIMNMOMSMTNCNDNENHNJNMNVNYOHOKORPARISCSDTNTXUTVAVTWAWIWVWY,2959289.255,315696278,62.32524434671985,28920.05805419727,15.50993894961283,21.656630824770122,18.30703884700218,12.358339773014363,-0.025768656147363567,309.42207776075804
2020-04-06,358260,10441,328239523,28657.714285714286,4780.285714285715,109.14590562575245,3.1809088389395446,8.730732370005999,,,-42.0,-16.0,-10.0,-52.0,-50.0,20.0,-25.119047619047628,ALARAZCACOCTDCDEFLGAHIIAIDILINKSKYLAMAMDMEMIMNMOMSMTNCNDNENHNJNMNVNYOHOKORPARISCSDTNTXUTVAVTWAWIWVWY,2959289.255,315696278,62.32524434671985,28920.05805419727,15.50993894961283,21.656630824770122,18.30703884700218,12.358339773014363,-0.025768656147363567,309.42207776075804
2020-04-07,389943,12414,328239523,29857.14285714286,5661.428571428572,118.79830814889407,3.7819942847041,9.096144968850341,,,-42.0,-14.0,-2.0,-51.0,-51.0,21.0,-24.857142857142865,ALARAZCACOCTDCDEFLGAHIIAIDILINKSKYLAMAMDMEMIMNMOMSMTNCNDNENHNJNMNVNYOHOKORPARISCSDTNTXUTVAVTWAWIWVWY,2959289.255,315696278,62.32524434671985,28920.05805419727,15.50993894961283,21.656630824770122,18.30703884700218,12.358339773014363,-0.025768656147363567,309.42207776075804
2020-04-08,422955,14332,328239523,31060.85714285714,6308.857142857143,128.85559792871135,4.366323673947089,9.462863234436622,,,-42.0,-15.0,-6.0,-51.0,-51.0,21.0,-25.14285714285715,ALARAZCACOCTDCDEFLGAHIIAIDILINKSKYLAMAMDMEMIMNMOMSMTNCNDNENHNJNMNVNYOHOKORPARISCSDTNTXUTVAVTWAWIWVWY,2959289.255,315696278,62.32524434671985,28920.05805419727,15.50993894961283,21.656630824770122,18.30703884700218,12.358339773014363,-0.025768656147363567,309.42207776075804
2020-04-09,456528,16122,328239523,31812.428571428572,6693.428571428571,139.08379948504862,4.911657149830796,9.691833658748209,,,-43.0,-13.0,-21.0,-54.0,-52.0,22.0,-25.64285714285715,ALARAZCACOCTDCDEFLGAHIIAIDILINKSKYLAMAMDMEMIMNMOMSMTNCNDNENHNJNMNVNYOHOKORPARISCSDTNTXUTVAVTWAWIWVWY,2959289.255,315696278,62.32524434671985,28920.05805419727,15.50993894961283,21.656630824770122,18.30703884700218,12.358339773014363,-0.025768656147363567,309.42207776075804
2020-04-10,489954,18395,328239523,31509.0,7436.857142857143,149.26721667213732,5.604139267531168,9.59939245341884,,,-43.0,-13.0,-21.0,-54.0,-56.0,24.0,-25.857142857142865,ALARAZCACOCTDCDEFLGAHIIAIDILINKSKYLAMAMDMEMIMNMOMSMTNCNDNENHNJNMNVNYOHOKORPARISCSDTNTXUTVAVTWAWIWVWY,2959289.255,315696278,62.32524434671985,28920.05805419727,15.50993894961283,21.656630824770122,18.30703884700218,12.358339773014363,-0.025768656147363567,309.42207776075804
2020-04-11,520551,20099,328239523,31129.14285714286,7433.142857142857,158.58876324287127,6.123272364126608,9.483666857858205,,,-45.0,-7.0,-16.0,-49.0,-38.0,14.0,-25.428571428571438,ALARAZCACOCTDCDEFLGAHIIAIDILINKSKYLAMAMDMEMIMNMOMSMTNCNDNENHNJNMNVNYOHOKORPARISCSDTNTXUTVAVTWAWIWVWY,2959289.255,315696278,62.32524434671985,28920.05805419727,15.50993894961283,21.656630824770122,18.30703884700218,12.358339773014363,-0.025768656147363567,309.42207776075804
2020-04-12,547386,21677,328239523,31291.85714285714,7248.571428571429,166.76419554753008,6.604018858509004,9.5332386718272,,,-63.0,-39.0,-36.0,-56.0,-45.0,13.0,-26.761904761904766,ALARAZCACOCTDCDEFLGAHIIAIDILINKSKYLAMAMDMEMIMNMOMSMTNCNDNENHNJNMNVNYOHOKORPARISCSDTNTXUTVAVTWAWIWVWY,2959289.255,315696278,62.32524434671985,28920.05805419727,15.50993894961283,21.656630824770122,18.30703884700218,12.358339773014363,-0.025768656147363567,309.42207776075804
2020-04-13,572019,22246,328239523,30537.0,6034.571428571429,174.26877628018002,6.777367879613936,9.303267236346795,,,-45.0,-22.0,-31.0,-55.0,-51.0,21.0,-27.547619047619055,ALARAZCACOCTDCDEFLGAHIIAIDILINKSKYLAMAMDMEMIMNMOMSMTNCNDNENHNJNMNVNYOHOKORPARISCSDTNTXUTVAVTWAWIWVWY,2959289.255,315696278,62.32524434671985,28920.05805419727,15.50993894961283,21.656630824770122,18.30703884700218,12.358339773014363,-0.025768656147363567,309.42207776075804
2020-04-14,597897,26774,328239523,29707.714285714286,8876.142857142859,182.15265320136356,8.156848314698532,9.050620721781359,,,-40.0,-16.0,-15.0,-50.0,-50.0,20.0,-27.83333333333334,ALARAZCACOCTDCDEFLGAHIIAIDILINKSKYLAMAMDMEMIMNMOMSMTNCNDNENHNJNMNVNYOHOKORPARISCSDTNTXUTVAVTWAWIWVWY,2959289.255,315696278,62.32524434671985,28920.05805419727,15.50993894961283,21.656630824770122,18.30703884700218,12.358339773014363,-0.025768656147363567,309.42207776075804
2020-04-15,628173,29152,328239523,29316.85714285714,9202.714285714286,191.3764053331262,8.88131926757644,8.931543914916407,,,-36.0,-13.0,-16.0,-49.0,-49.0,20.0,-27.809523809523817,ALARAZCACOCTDCDEFLGAHIIAIDILINKSKYLAMAMDMEMIMNMOMSMTNCNDNENHNJNMNVNYOHOKORPARISCSDTNTXUTVAVTWAWIWVWY,2959289.255,315696278,62.32524434671985,28920.05805419727,15.50993894961283,21.656630824770122,18.30703884700218,12.358339773014363,-0.025768656147363567,309.42207776075804
2020-04-16,660757,31383,328239523,29175.571428571428,9316.571428571428,201.30330252764838,9.561005851205797,8.88850043465711,,,-39.0,-13.0,-14.0,-50.0,-49.0,21.0,-27.40476190476191,ALARAZCACOCTDCDEFLGAHIIAIDILINKSKYLAMAMDMEMIMNMOMSMTNCNDNENHNJNMNVNYOHOKORPARISCSDTNTXUTVAVTWAWIWVWY,2959289.255,315696278,62.32524434671985,28920.05805419727,15.50993894961283,21.656630824770122,18.30703884700218,12.358339773014363,-0.025768656147363567,309.42207776075804
2020-04-17,691669,33225,328239523,28816.428571428572,8978.428571428572,210.72081560391496,10.122181416891713,8.77908556168252,,,-42.0,-17.0,-22.0,-51.0,-48.0,22.0,-27.285714285714295,ALARAZCACOCTDCDEFLGAHIIAIDILINKSKYLAMAMDMEMIMNMOMSMTNCNDNENHNJNMNVNYOHOKORPARISCSDTNTXUTVAVTWAWIWVWY,2959289.255,315696278,62.32524434671985,28920.05805419727,15.50993894961283,21.656630824770122,18.30703884700218,12.358339773014363,-0.025768656147363567,309.42207776075804
2020-04-18,719345,34854,328239523,28399.14285714286,8488.857142857141,219.15246324556716,10.618465345503198,8.65195714324227,,,-45.0,-15.0,-20.0,-47.0,-33.0,14.0,-27.404761904761916,ALARAZCACOCTDCDEFLGAHIIAIDILINKSKYLAMAMDMEMIMNMOMSMTNCNDNENHNJNMNVNYOHOKORPARISCSDTNTXUTVAVTWAWIWVWY,2959289.255,315696278,62.32524434671985,28920.05805419727,15.50993894961283,21.656630824770122,18.30703884700218,12.358339773014363,-0.025768656147363567,309.42207776075804
2020-04-19,744934,37368,328239523,28221.14285714286,8895.0,226.9482947061192,11.384369456325343,8.59772845122702,,,-45.0,-19.0,-10.0,-50.0,-37.0,11.0,-25.595238095238106,ALARAZCACOCTDCDEFLGAHIIAIDILINKSKYLAMAMDMEMIMNMOMSMTNCNDNENHNJNMNVNYOHOKORPARISCSDTNTXUTVAVTWAWIWVWY,2959289.255,315696278,62.32524434671985,28920.05805419727,15.50993894961283,21.656630824770122,18.30703884700218,12.358339773014363,-0.025768656147363567,309.42207776075804
2020-04-20,771292,39147,328239523,28467.571428571428,8432.428571428572,234.9784063024001,11.926351720904737,8.672804288888583,,,-39.0,-16.0,-7.0,-49.0,-48.0,19.0,-24.571428571428584,ALARAZCACOCTDCDEFLGAHIIAIDILINKSKYLAMAMDMEMIMNMOMSMTNCNDNENHNJNMNVNYOHOKORPARISCSDTNTXUTVAVTWAWIWVWY,2959289.255,315696278,62.32524434671985,28920.05805419727,15.50993894961283,21.656630824770122,18.30703884700218,12.358339773014363,-0.025768656147363567,309.42207776075804
2020-04-21,796546,41830,328239523,28378.428571428572,8701.0,242.67217814595716,12.743742623584058,8.645646420656226,,,-38.0,-14.0,-8.0,-49.0,-49.0,20.0,-24.261904761904777,ALARAZCACOCTDCDEFLGAHIIAIDILINKSKYLAMAMDMEMIMNMOMSMTNCNDNENHNJNMNVNYOHOKORPARISCSDTNTXUTVAVTWAWIWVWY,2959289.255,315696278,62.32524434671985,28920.05805419727,15.50993894961283,21.656630824770122,18.30703884700218,12.358339773014363,-0.025768656147363567,309.42207776075804
2020-04-22,825152,43849,328239523,28139.85714285714,8569.142857142855,251.3871554706104,13.358842225712106,8.572964305354885,,,-38.0,-14.0,-9.0,-48.0,-49.0,20.0,-24.142857142857157,ALARAZCACOCTDCDEFLGAHIIAIDILINKSKYLAMAMDMEMIMNMOMSMTNCNDNENHNJNMNVNYOHOKORPARISCSDTNTXUTVAVTWAWIWVWY,2959289.255,315696278,62.32524434671985,28920.05805419727,15.50993894961283,21.656630824770122,18.30703884700218,12.358339773014363,-0.025768656147363567,309.42207776075804
2020-04-23,856451,45695,328239523,27956.285714285714,8315.571428571428,260.92257025367417,13.9212364136905,8.517038246575112,,,-40.0,-14.0,-14.0,-50.0,-49.0,21.0,-24.190476190476204,ALARAZCACOCTDCDEFLGAHIIAIDILINKSKYLAMAMDMEMIMNMOMSMTNCNDNENHNJNMNVNYOHOKORPARISCSDTNTXUTVAVTWAWIWVWY,2959289.255,315696278,62.32524434671985,28920.05805419727,15.50993894961283,21.656630824770122,18.30703884700218,12.358339773014363,-0.025768656147363567,309.42207776075804
2020-04-24,893707,48481,328239523,28862.571428571428,9057.0,272.27281828581016,14.770006840401118,8.793143240270743,,,-40.0,-16.0,-14.0,-50.0,-48.0,21.0,-23.92857142857144,ALARAZCACOCTDCDEFLGAHIIAIDILINKSKYLAMAMDMEMIMNMOMSMTNCNDNENHNJNMNVNYOHOKORPARISCSDTNTXUTVAVTWAWIWVWY,2959289.255,315696278,62.32524434671985,28920.05805419727,15.50993894961283,21.656630824770122,18.30703884700218,12.358339773014363,-0.025768656147363567,309.42207776075804
2020-04-25,927339,50582,328239523,29713.428571428572,8978.571428571428,282.5189945209614,15.410088199524955,9.05236161077061,,,-41.0,-11.0,2.0,-42.0,-32.0,12.0,-23.119047619047628,ALARAZCACOCTDCDEFLGAHIIAIDILINKSKYLAMAMDMEMIMNMOMSMTNCNDNENHNJNMNVNYOHOKORPARISCSDTNTXUTVAVTWAWIWVWY,2959289.255,315696278,62.32524434671985,28920.05805419727,15.50993894961283,21.656630824770122,18.30703884700218,12.358339773014363,-0.025768656147363567,309.42207776075804
2020-04-26,952619,51752,328239523,29669.285714285714,7901.714285714283,290.2206874094196,15.76653522007464,9.038913243328626,,,-42.0,-16.0,-11.0,-48.0,-36.0,11.0,-22.928571428571438,ALARAZCACOCTDCDEFLGAHIIAIDILINKSKYLAMAMDMEMIMNMOMSMTNCNDNENHNJNMNVNYOHOKORPARISCSDTNTXUTVAVTWAWIWVWY,2959289.255,315696278,62.32524434671985,28920.05805419727,15.50993894961283,21.656630824770122,18.30703884700218,12.358339773014363,-0.025768656147363567,309.42207776075804
2020-04-27,975482,53120,328239523,29170.0,7214.857142857145,297.18602777764823,16.183304044101966,8.88680306789259,,,-35.0,-13.0,-4.0,-48.0,-46.0,18.0,-22.64285714285715,ALARAZCACOCTDCDEFLGAHIIAIDILINKSKYLAMAMDMEMIMNMOMSMTNCNDNENHNJNMNVNYOHOKORPARISCSDTNTXUTVAVTWAWIWVWY,2959289.255,315696278,62.32524434671985,28920.05805419727,15.50993894961283,21.656630824770122,18.30703884700218,12.358339773014363,-0.025768656147363567,309.42207776075804
2020-04-28,999709,55270,328239523,29023.285714285714,7368.714285714283,304.56691834761165,16.838313526308653,8.842105743093502,,,-34.0,-10.0,6.0,-45.0,-48.0,12.0,-22.1904761904762,ALARAZCACOCTDCDEFLGAHIIAIDILINKSKYLAMAMDMEMIMNMOMSMTNCNDNENHNJNMNVNYOHOKORPARISCSDTNTXUTVAVTWAWIWVWY,2959289.255,315696278,62.32524434671985,28920.05805419727,15.50993894961283,21.656630824770122,18.30703884700218,12.358339773014363,-0.025768656147363567,309.42207776075804
2020-04-29,1027584,58228,328239523,28918.85714285714,8406.714285714283,313.05919244831466,17.739484711595807,8.81029099681489,,,-34.0,-11.0,-7.0,-46.0,-47.0,19.0,-21.904761904761916,ALARAZCACOCTDCDEFLGAHIIAIDILINKSKYLAMAMDMEMIMNMOMSMTNCNDNENHNJNMNVNYOHOKORPARISCSDTNTXUTVAVTWAWIWVWY,2959289.255,315696278,62.32524434671985,28920.05805419727,15.50993894961283,21.656630824770122,18.30703884700218,12.358339773014363,-0.025768656147363567,309.42207776075804
2020-04-30,1056479,60356,328239523,28575.428571428572,8480.571428571428,321.8622152335994,18.387791771193868,8.705663568560746,,,-34.0,-9.0,-7.0,-47.0,-47.0,19.0,-21.404761904761916,ALARAZCACOCTDCDEFLGAHIIAIDILINKSKYLAMAMDMEMIMNMOMSMTNCNDNENHNJNMNVNYOHOKORPARISCSDTNTXUTVAVTWAWIWVWY,2959289.255,315696278,62.32524434671985,28920.05805419727,15.50993894961283,21.656630824770122,18.30703884700218,12.358339773014363,-0.025768656147363567,309.42207776075804
2020-05-01,1089920,62202,328239523,28030.428571428572,8232.142857142855,332.0502022542849,18.95018595917226,8.539626281210678,,,-32.0,-7.0,7.0,-43.0,-45.0,18.0,-20.333333333333343,ALARAZCACOCTDCDEFLGAHIIAIDILINKSKYLAMAMDMEMIMNMOMSMTNCNDNENHNJNMNVNYOHOKORPARISCSDTNTXUTVAVTWAWIWVWY,2959289.255,315696278,62.32524434671985,28920.05805419727,15.50993894961283,21.656630824770122,18.30703884700218,12.358339773014363,-0.025768656147363567,309.42207776075804
2020-05-02,1119519,63967,328239523,27454.285714285714,8037.0,341.0677025630457,19.487903045727982,8.364101148869178,,,-34.0,-4.0,28.0,-35.0,-29.0,10.0,-19.1904761904762,ALARAZCACOCTDCDEFLGAHIIAIDILINKSKYLAMAMDMEMIMNMOMSMTNCNDNENHNJNMNVNYOHOKORPARISCSDTNTXUTVAVTWAWIWVWY,2959289.255,315696278,62.32524434671985,28920.05805419727,15.50993894961283,21.656630824770122,18.30703884700218,12.358339773014363,-0.025768656147363567,309.42207776075804
2020-05-03,1144082,65196,328239523,27351.85714285714,7353.857142857145,348.55095740557726,19.862324745091712,8.332895713736807,,,-34.0,-8.0,22.0,-40.0,-31.0,8.0,-17.785714285714295,ALARAZCACOCTDCDEFLGAHIIAIDILINKSKYLAMAMDMEMIMNMOMSMTNCNDNENHNJNMNVNYOHOKORPARISCSDTNTXUTVAVTWAWIWVWY,2959289.255,315696278,62.32524434671985,28920.05805419727,15.50993894961283,21.656630824770122,18.30703884700218,12.358339773014363,-0.025768656147363567,309.42207776075804
2020-05-04,1165932,66172,328239523,27207.14285714286,6409.285714285717,355.20768167823593,20.159668584456234,8.288807700083959,,,-29.0,-7.0,5.0,-44.0,-44.0,16.0,-17.1904761904762,ALARAZCACOCTDCDEFLGAHIIAIDILINKSKYLAMAMDMEMIMNMOMSMTNCNDNENHNJNMNVNYOHOKORPARISCSDTNTXUTVAVTWAWIWVWY,2959289.255,315696278,62.32524434671985,28920.05805419727,15.50993894961283,21.656630824770122,18.30703884700218,12.358339773014363,-0.025768656147363567,309.42207776075804
2020-05-05,1189359,68650,328239523,27092.85714285714,7022.714285714283,362.34484778970386,20.91460509464608,8.253989920298885,,,-28.0,-3.0,5.0,-43.0,-45.0,17.0,-16.66666666666668,ALARAZCACOCTDCDEFLGAHIIAIDILINKSKYLAMAMDMEMIMNMOMSMTNCNDNENHNJNMNVNYOHOKORPARISCSDTNTXUTVAVTWAWIWVWY,2959289.255,315696278,62.32524434671985,28920.05805419727,15.50993894961283,21.656630824770122,18.30703884700218,12.358339773014363,-0.025768656147363567,309.42207776075804
2020-05-06,1213640,71418,328239523,26579.428571428572,7879.285714285717,369.74218976061576,21.75789172104055,8.097571044614444,,,-29.0,-6.0,6.0,-43.0,-44.0,17.0,-16.023809523809536,ALARAZCACOCTDCDEFLGAHIIAIDILINKSKYLAMAMDMEMIMNMOMSMTNCNDNENHNJNMNVNYOHOKORPARISCSDTNTXUTVAVTWAWIWVWY,2959289.255,315696278,62.32524434671985,28920.05805419727,15.50993894961283,21.656630824770122,18.30703884700218,12.358339773014363,-0.025768656147363567,309.42207776075804
2020-05-07,1240861,73517,328239523,26340.285714285714,8094.0,378.03521911649864,22.39736376901815,8.024714840414179,,,-29.0,-3.0,21.0,-42.0,-44.0,17.0,-14.952380952380963,ALARAZCACOCTDCDEFLGAHIIAIDILINKSKYLAMAMDMEMIMNMOMSMTNCNDNENHNJNMNVNYOHOKORPARISCSDTNTXUTVAVTWAWIWVWY,2959289.255,315696278,62.32524434671985,28920.05805419727,15.50993894961283,21.656630824770122,18.30703884700218,12.358339773014363,-0.025768656147363567,309.42207776075804
2020-05-08,1267895,75249,328239523,25425.0,7945.857142857145,386.27127788020823,22.925027221660933,7.745867946560476,,,-32.0,-5.0,-2.0,-43.0,-43.0,18.0,-15.071428571428582,ALARAZCACOCTDCDEFLGAHIIAIDILINKSKYLAMAMDMEMIMNMOMSMTNCNDNENHNJNMNVNYOHOKORPARISCSDTNTXUTVAVTWAWIWVWY,2959289.255,315696278,62.32524434671985,28920.05805419727,15.50993894961283,21.656630824770122,18.30703884700218,12.358339773014363,-0.025768656147363567,309.42207776075804
2020-05-09,1293289,76846,328239523,24824.285714285714,7679.0,394.007701504002,23.411562171932598,7.562856991565185,,,-30.0,7.0,9.0,-35.0,-26.0,9.0,-15.11904761904763,ALARAZCACOCTDCDEFLGAHIIAIDILINKSKYLAMAMDMEMIMNMOMSMTNCNDNENHNJNMNVNYOHOKORPARISCSDTNTXUTVAVTWAWIWVWY,2959289.255,315696278,62.32524434671985,28920.05805419727,15.50993894961283,21.656630824770122,18.30703884700218,12.358339773014363,-0.025768656147363567,309.42207776075804
2020-05-10,1312658,77811,328239523,24082.285714285714,6804.142857142855,399.9085752997515,23.705554799992807,7.336802556310598,,,-30.0,1.0,6.0,-37.0,-27.0,7.0,-15.047619047619056,ALARAZCACOCTDCDEFLGAHIIAIDILINKSKYLAMAMDMEMIMNMOMSMTNCNDNENHNJNMNVNYOHOKORPARISCSDTNTXUTVAVTWAWIWVWY,2959289.255,315696278,62.32524434671985,28920.05805419727,15.50993894961283,21.656630824770122,18.30703884700218,12.358339773014363,-0.025768656147363567,309.42207776075804
2020-05-11,1331877,78798,328239523,23706.428571428572,5989.0,405.763750759533,24.006249850661646,7.222295583042439,,,-31.0,-11.0,-3.0,-44.0,-42.0,16.0,-15.333333333333343,ALARAZCACOCTDCDEFLGAHIIAIDILINKSKYLAMAMDMEMIMNMOMSMTNCNDNENHNJNMNVNYOHOKORPARISCSDTNTXUTVAVTWAWIWVWY,2959289.255,315696278,62.32524434671985,28920.05805419727,15.50993894961283,21.656630824770122,18.30703884700218,12.358339773014363,-0.025768656147363567,309.42207776075804
2020-05-12,1353165,80435,328239523,23400.85714285714,5822.28571428571,412.2492586000986,24.504971023858086,7.1292015443420995,,,-28.0,-6.0,10.0,-41.0,-43.0,16.0,-15.214285714285722,ALARAZCACOCTDCDEFLGAHIIAIDILINKSKYLAMAMDMEMIMNMOMSMTNCNDNENHNJNMNVNYOHOKORPARISCSDTNTXUTVAVTWAWIWVWY,2959289.255,315696278,62.32524434671985,28920.05805419727,15.50993894961283,21.656630824770122,18.30703884700218,12.358339773014363,-0.025768656147363567,309.42207776075804
2020-05-13,1374193,82213,328239523,22936.14285714286,5916.71428571429,418.6555559916531,25.04664863286436,6.987623747291047,,,-26.0,-5.0,18.0,-40.0,-42.0,16.0,-14.738095238095246,ALARAZCACOCTDCDEFLGAHIIAIDILINKSKYLAMAMDMEMIMNMOMSMTNCNDNENHNJNMNVNYOHOKORPARISCSDTNTXUTVAVTWAWIWVWY,2959289.255,315696278,62.32524434671985,28920.05805419727,15.50993894961283,21.656630824770122,18.30703884700218,12.358339773014363,-0.025768656147363567,309.42207776075804
2020-05-14,1400617,84071,328239523,22822.285714285714,6232.571428571435,426.70577485575984,25.612698687720187,6.952936534180167,,,-28.0,-5.0,17.0,-42.0,-43.0,17.0,-14.833333333333343,ALARAZCACOCTDCDEFLGAHIIAIDILINKSKYLAMAMDMEMIMNMOMSMTNCNDNENHNJNMNVNYOHOKORPARISCSDTNTXUTVAVTWAWIWVWY,2959289.255,315696278,62.32524434671985,28920.05805419727,15.50993894961283,21.656630824770122,18.30703884700218,12.358339773014363,-0.025768656147363567,309.42207776075804
2020-05-15,1425252,85600,328239523,22479.571428571428,6253.857142857145,434.21096489955596,26.078517059019735,6.84852671704968,,,-29.0,-7.0,21.0,-40.0,-42.0,16.0,-14.214285714285724,ALARAZCACOCTDCDEFLGAHIIAIDILINKSKYLAMAMDMEMIMNMOMSMTNCNDNENHNJNMNVNYOHOKORPARISCSDTNTXUTVAVTWAWIWVWY,2959289.255,315696278,62.32524434671985,28920.05805419727,15.50993894961283,21.656630824770122,18.30703884700218,12.358339773014363,-0.025768656147363567,309.42207776075804
2020-05-16,1449373,86884,328239523,22297.714285714286,6059.142857142855,441.5595619787688,26.46969481490503,6.793122924966683,,,-30.0,-3.0,32.0,-34.0,-24.0,9.0,-13.833333333333343,ALARAZCACOCTDCDEFLGAHIIAIDILINKSKYLAMAMDMEMIMNMOMSMTNCNDNENHNJNMNVNYOHOKORPARISCSDTNTXUTVAVTWAWIWVWY,2959289.255,315696278,62.32524434671985,28920.05805419727,15.50993894961283,21.656630824770122,18.30703884700218,12.358339773014363,-0.025768656147363567,309.42207776075804
2020-05-17,1467293,87706,328239523,22090.714285714286,5447.142857142855,447.01898984906825,26.720121696009166,6.730059221330969,,,-30.0,-8.0,17.0,-39.0,-25.0,8.0,-13.761904761904772,ALARAZCACOCTDCDEFLGAHIIAIDILINKSKYLAMAMDMEMIMNMOMSMTNCNDNENHNJNMNVNYOHOKORPARISCSDTNTXUTVAVTWAWIWVWY,2959289.255,315696278,62.32524434671985,28920.05805419727,15.50993894961283,21.656630824770122,18.30703884700218,12.358339773014363,-0.025768656147363567,309.42207776075804
2020-05-18,1488226,88733,328239523,22335.571428571428,5060.571428571435,453.3963449611764,27.03300296960278,6.8046563145204875,,,-26.0,-8.0,2.0,-43.0,-40.0,15.0,-13.404761904761914,ALARAZCACOCTDCDEFLGAHIIAIDILINKSKYLAMAMDMEMIMNMOMSMTNCNDNENHNJNMNVNYOHOKORPARISCSDTNTXUTVAVTWAWIWVWY,2959289.255,315696278,62.32524434671985,28920.05805419727,15.50993894961283,21.656630824770122,18.30703884700218,12.358339773014363,-0.025768656147363567,309.42207776075804
2020-05-19,1508825,90238,328239523,22237.14285714286,5146.28571428571,459.6719451118627,27.49150960714746,6.774669501680594,,,-24.0,-4.0,15.0,-40.0,-41.0,15.0,-13.095238095238106,ALARAZCACOCTDCDEFLGAHIIAIDILINKSKYLAMAMDMEMIMNMOMSMTNCNDNENHNJNMNVNYOHOKORPARISCSDTNTXUTVAVTWAWIWVWY,2959289.255,315696278,62.32524434671985,28920.05805419727,15.50993894961283,21.656630824770122,18.30703884700218,12.358339773014363,-0.025768656147363567,309.42207776075804
2020-05-20,1531368,91819,328239523,22453.571428571428,5326.857142857145,466.5397956966931,27.973170068249214,6.840605672148576,,,-22.0,-3.0,23.0,-38.0,-41.0,15.0,-12.785714285714295,ALARAZCACOCTDCDEFLGAHIIAIDILINKSKYLAMAMDMEMIMNMOMSMTNCNDNENHNJNMNVNYOHOKORPARISCSDTNTXUTVAVTWAWIWVWY,2959289.255,315696278,62.32524434671985,28920.05805419727,15.50993894961283,21.656630824770122,18.30703884700218,12.358339773014363,-0.025768656147363567,309.42207776075804
2020-05-21,1556910,93141,328239523,22327.571428571428,5276.571428571435,474.3213083453086,28.37592473591305,6.802219069935533,,,-22.0,-1.0,31.0,-37.0,-41.0,15.0,-12.095238095238106,ALARAZCACOCTDCDEFLGAHIIAIDILINKSKYLAMAMDMEMIMNMOMSMTNCNDNENHNJNMNVNYOHOKORPARISCSDTNTXUTVAVTWAWIWVWY,2959289.255,315696278,62.32524434671985,28920.05805419727,15.50993894961283,21.656630824770122,18.30703884700218,12.358339773014363,-0.025768656147363567,309.42207776075804
2020-05-22,1580509,94481,328239523,22179.571428571428,5320.857142857145,481.51087521535305,28.78416320389303,6.757130045113863,,,-24.0,-2.0,31.0,-36.0,-41.0,15.0,-11.523809523809534,ALARAZCACOCTDCDEFLGAHIIAIDILINKSKYLAMAMDMEMIMNMOMSMTNCNDNENHNJNMNVNYOHOKORPARISCSDTNTXUTVAVTWAWIWVWY,2959289.255,315696278,62.32524434671985,28920.05805419727,15.50993894961283,21.656630824770122,18.30703884700218,12.358339773014363,-0.025768656147363567,309.42207776075804
2020-05-23,1602345,95594,328239523,21853.14285714286,5165.142857142855,488.163334309988,29.12324485677491,6.657681761602748,,,-27.0,0.0,43.0,-30.0,-21.0,7.0,-11.000000000000012,ALARAZCACOCTDCDEFLGAHIIAIDILINKSKYLAMAMDMEMIMNMOMSMTNCNDNENHNJNMNVNYOHOKORPARISCSDTNTXUTVAVTWAWIWVWY,2959289.255,315696278,62.32524434671985,28920.05805419727,15.50993894961283,21.656630824770122,18.30703884700218,12.358339773014363,-0.025768656147363567,309.42207776075804
2020-05-24,1622633,96221,328239523,22191.428571428572,4547.857142857145,494.3441865774342,29.314263901120768,6.760742389766564,,,-25.0,-2.0,57.0,-33.0,-24.0,5.0,-9.690476190476204,ALARAZCACOCTDCDEFLGAHIIAIDILINKSKYLAMAMDMEMIMNMOMSMTNCNDNENHNJNMNVNYOHOKORPARISCSDTNTXUTVAVTWAWIWVWY,2959289.255,315696278,62.32524434671985,28920.05805419727,15.50993894961283,21.656630824770122,18.30703884700218,12.358339773014363,-0.025768656147363567,309.42207776075804
2020-05-25,1642097,96843,328239523,21981.571428571428,3953.428571428565,500.27400265263,29.503759667601027,6.696808241636224,,,-28.0,-8.0,60.0,-48.0,-72.0,20.0,-9.119047619047633,ALARAZCACOCTDCDEFLGAHIIAIDILINKSKYLAMAMDMEMIMNMOMSMTNCNDNENHNJNMNVNYOHOKORPARISCSDTNTXUTVAVTWAWIWVWY,2959289.255,315696278,62.32524434671985,28920.05805419727,15.50993894961283,21.656630824770122,18.30703884700218,12.358339773014363,-0.025768656147363567,309.42207776075804
2020-05-26,1659929,97503,328239523,21586.285714285714,3454.857142857145,505.70662083249493,29.704832345859824,6.576382245804601,,,-22.0,-3.0,28.0,-37.0,-39.0,14.0,-8.642857142857157,ALARAZCACOCTDCDEFLGAHIIAIDILINKSKYLAMAMDMEMIMNMOMSMTNCNDNENHNJNMNVNYOHOKORPARISCSDTNTXUTVAVTWAWIWVWY,2959289.255,315696278,62.32524434671985,28920.05805419727,15.50993894961283,21.656630824770122,18.30703884700218,12.358339773014363,-0.025768656147363567,309.42207776075804
2020-05-27,1678387,98861,328239523,21002.714285714286,3775.0,511.3299534011326,30.118554614155954,6.398593957777073,,,-21.0,-4.0,32.0,-37.0,-38.0,14.0,-8.35714285714287,ALARAZCACOCTDCDEFLGAHIIAIDILINKSKYLAMAMDMEMIMNMOMSMTNCNDNENHNJNMNVNYOHOKORPARISCSDTNTXUTVAVTWAWIWVWY,2959289.255,315696278,62.32524434671985,28920.05805419727,15.50993894961283,21.656630824770122,18.30703884700218,12.358339773014363,-0.025768656147363567,309.42207776075804
2020-05-28,1700838,100045,328239523,20561.14285714286,3953.0,518.169775673236,30.479266812729314,6.264066761132497,,,-21.0,-2.0,26.0,-37.0,-38.0,14.0,-8.428571428571441,ALARAZCACOCTDCDEFLGAHIIAIDILINKSKYLAMAMDMEMIMNMOMSMTNCNDNENHNJNMNVNYOHOKORPARISCSDTNTXUTVAVTWAWIWVWY,2959289.255,315696278,62.32524434671985,28920.05805419727,15.50993894961283,21.656630824770122,18.30703884700218,12.358339773014363,-0.025768656147363567,309.42207776075804
2020-05-29,1725655,101364,328239523,20735.14285714286,4285.71428571429,525.7304130313399,30.881107513673786,6.317076830855271,,,-23.0,-5.0,29.0,-36.0,-37.0,14.0,-8.452380952380965,ALARAZCACOCTDCDEFLGAHIIAIDILINKSKYLAMAMDMEMIMNMOMSMTNCNDNENHNJNMNVNYOHOKORPARISCSDTNTXUTVAVTWAWIWVWY,2959289.255,315696278,62.32524434671985,28920.05805419727,15.50993894961283,21.656630824770122,18.30703884700218,12.358339773014363,-0.025768656147363567,309.42207776075804
2020-05-30,1748170,102207,328239523,20832.14285714286,4145.428571428565,532.589733260123,31.13793216181343,6.346628421447852,,,-24.0,-1.0,48.0,-26.0,-12.0,6.0,-8.000000000000012,ALARAZCACOCTDCDEFLGAHIIAIDILINKSKYLAMAMDMEMIMNMOMSMTNCNDNENHNJNMNVNYOHOKORPARISCSDTNTXUTVAVTWAWIWVWY,2959289.255,315696278,62.32524434671985,28920.05805419727,15.50993894961283,21.656630824770122,18.30703884700218,12.358339773014363,-0.025768656147363567,309.42207776075804
2020-05-31,1767631,102796,328239523,20714.0,3789.71428571429,538.5186353685995,31.317374294380752,6.310635541595032,,,-23.0,-4.0,47.0,-30.0,-16.0,5.0,-7.97619047619049,ALARAZCACOCTDCDEFLGAHIIAIDILINKSKYLAMAMDMEMIMNMOMSMTNCNDNENHNJNMNVNYOHOKORPARISCSDTNTXUTVAVTWAWIWVWY,2959289.255,315696278,62.32524434671985,28920.05805419727,15.50993894961283,21.656630824770122,18.30703884700218,12.358339773014363,-0.025768656147363567,309.42207776075804
2020-06-01,1788912,103496,328239523,20973.571428571428,3550.428571428565,545.0020106201531,31.530633195564327,6.389715423931879,,,-18.0,-2.0,28.0,-36.0,-37.0,12.0,-7.428571428571442,ALARAZCACOCTDCDEFLGAHIIAIDILINKSKYLAMAMDMEMIMNMOMSMTNCNDNENHNJNMNVNYOHOKORPARISCSDTNTXUTVAVTWAWIWVWY,2959289.255,315696278,62.32524434671985,28920.05805419727,15.50993894961283,21.656630824770122,18.30703884700218,12.358339773014363,-0.025768656147363567,309.42207776075804
2020-06-02,1808245,104767,328239523,21188.0,3871.0,550.8919168152703,31.91785042899907,6.455042283253623,,,-18.0,0.0,35.0,-36.0,-37.0,13.0,-7.04761904761906,ALARAZCACOCTDCDEFLGAHIIAIDILINKSKYLAMAMDMEMIMNMOMSMTNCNDNENHNJNMNVNYOHOKORPARISCSDTNTXUTVAVTWAWIWVWY,2959289.255,315696278,62.32524434671985,28920.05805419727,15.50993894961283,21.656630824770122,18.30703884700218,12.358339773014363,-0.025768656147363567,309.42207776075804
2020-06-03,1827878,105752,328239523,21355.85714285714,3818.28571428571,556.8732196823232,32.21793616852167,6.506180897312948,,,-16.0,1.0,33.0,-35.0,-37.0,13.0,-6.738095238095251,ALARAZCACOCTDCDEFLGAHIIAIDILINKSKYLAMAMDMEMIMNMOMSMTNCNDNENHNJNMNVNYOHOKORPARISCSDTNTXUTVAVTWAWIWVWY,2959289.255,315696278,62.32524434671985,28920.05805419727,15.50993894961283,21.656630824770122,18.30703884700218,12.358339773014363,-0.025768656147363567,309.42207776075804
2020-06-04,1849689,106740,328239523,21264.428571428572,3821.857142857145,563.5180623876303,32.51893587476363,6.478326673484891,,,-18.0,1.0,40.0,-35.0,-37.0,13.0,-6.214285714285728,ALARAZCACOCTDCDEFLGAHIIAIDILINKSKYLAMAMDMEMIMNMOMSMTNCNDNENHNJNMNVNYOHOKORPARISCSDTNTXUTVAVTWAWIWVWY,2959289.255,315696278,62.32524434671985,28920.05805419727,15.50993894961283,21.656630824770122,18.30703884700218,12.358339773014363,-0.025768656147363567,309.42207776075804
2020-06-05,1877767,107845,328239523,21730.285714285714,3970.428571428565,572.0721815696764,32.85558028306055,6.620252648333794,,,-20.0,-2.0,34.0,-34.0,-36.0,13.0,-5.904761904761918,ALARAZCACOCTDCDEFLGAHIIAIDILINKSKYLAMAMDMEMIMNMOMSMTNCNDNENHNJNMNVNYOHOKORPARISCSDTNTXUTVAVTWAWIWVWY,2959289.255,315696278,62.32524434671985,28920.05805419727,15.50993894961283,21.656630824770122,18.30703884700218,12.358339773014363,-0.025768656147363567,309.42207776075804
2020-06-06,1900668,108641,328239523,21785.428571428572,3840.571428571435,579.0490988496837,33.098086119263584,6.637052227080092,,,-21.0,1.0,51.0,-25.0,-13.0,5.0,-5.738095238095252,ALARAZCACOCTDCDEFLGAHIIAIDILINKSKYLAMAMDMEMIMNMOMSMTNCNDNENHNJNMNVNYOHOKORPARISCSDTNTXUTVAVTWAWIWVWY,2959289.255,315696278,62.32524434671985,28920.05805419727,15.50993894961283,21.656630824770122,18.30703884700218,12.358339773014363,-0.025768656147363567,309.42207776075804
2020-06-07,1918554,109061,328239523,21560.428571428572,3341.428571428565,584.498168430497,33.22604145997373,6.568504723128229,,,-19.0,-2.0,53.0,-28.0,-16.0,4.0,-5.428571428571443,ALARAZCACOCTDCDEFLGAHIIAIDILINKSKYLAMAMDMEMIMNMOMSMTNCNDNENHNJNMNVNYOHOKORPARISCSDTNTXUTVAVTWAWIWVWY,2959289.255,315696278,62.32524434671985,28920.05805419727,15.50993894961283,21.656630824770122,18.30703884700218,12.358339773014363,-0.025768656147363567,309.42207776075804
2020-06-08,1936311,109609,328239523,21057.0,2994.428571428565,589.907937442378,33.39299271404315,6.415132403174983,,,-16.0,-2.0,39.0,-34.0,-36.0,11.0,-5.071428571428585,ALARAZCACOCTDCDEFLGAHIIAIDILINKSKYLAMAMDMEMIMNMOMSMTNCNDNENHNJNMNVNYOHOKORPARISCSDTNTXUTVAVTWAWIWVWY,2959289.255,315696278,62.32524434671985,28920.05805419727,15.50993894961283,21.656630824770122,18.30703884700218,12.358339773014363,-0.025768656147363567,309.42207776075804
2020-06-09,1954857,110559,328239523,20944.571428571428,3071.142857142855,595.5580797014502,33.68241550850657,6.3808804123114164,,,-16.0,-1.0,36.0,-34.0,-36.0,12.0,-4.9761904761904905,ALARAZCACOCTDCDEFLGAHIIAIDILINKSKYLAMAMDMEMIMNMOMSMTNCNDNENHNJNMNVNYOHOKORPARISCSDTNTXUTVAVTWAWIWVWY,2959289.255,315696278,62.32524434671985,28920.05805419727,15.50993894961283,21.656630824770122,18.30703884700218,12.358339773014363,-0.025768656147363567,309.42207776075804
2020-06-10,1975321,111469,328239523,21063.285714285714,3153.71428571429,601.7925513497654,33.95965208004522,6.417047381063162,,,-14.0,-1.0,40.0,-33.0,-36.0,12.0,-4.761904761904776,ALARAZCACOCTDCDEFLGAHIIAIDILINKSKYLAMAMDMEMIMNMOMSMTNCNDNENHNJNMNVNYOHOKORPARISCSDTNTXUTVAVTWAWIWVWY,2959289.255,315696278,62.32524434671985,28920.05805419727,15.50993894961283,21.656630824770122,18.30703884700218,12.358339773014363,-0.025768656147363567,309.42207776075804
2020-06-11,1997585,112363,328239523,21128.0,3231.0,608.5754030296955,34.232014162413954,6.436762948866459,,,-15.0,0.0,49.0,-33.0,-36.0,12.0,-4.452380952380968,ALARAZCACOCTDCDEFLGAHIIAIDILINKSKYLAMAMDMEMIMNMOMSMTNCNDNENHNJNMNVNYOHOKORPARISCSDTNTXUTVAVTWAWIWVWY,2959289.255,315696278,62.32524434671985,28920.05805419727,15.50993894961283,21.656630824770122,18.30703884700218,12.358339773014363,-0.025768656147363567,309.42207776075804
2020-06-12,2023220,113124,328239523,20779.0,3188.71428571429,616.385248646611,34.46385705355781,6.330438153847792,,,-17.0,-1.0,57.0,-30.0,-35.0,11.0,-3.738095238095253,ALARAZCACOCTDCDEFLGAHIIAIDILINKSKYLAMAMDMEMIMNMOMSMTNCNDNENHNJNMNVNYOHOKORPARISCSDTNTXUTVAVTWAWIWVWY,2959289.255,315696278,62.32524434671985,28920.05805419727,15.50993894961283,21.656630824770122,18.30703884700218,12.358339773014363,-0.025768656147363567,309.42207776075804
2020-06-13,2048355,113855,328239523,21098.14285714286,3165.571428571435,624.0427664769669,34.68656027750808,6.427666803897609,,,-18.0,2.0,74.0,-20.0,-10.0,4.0,-2.928571428571444,ALARAZCACOCTDCDEFLGAHIIAIDILINKSKYLAMAMDMEMIMNMOMSMTNCNDNENHNJNMNVNYOHOKORPARISCSDTNTXUTVAVTWAWIWVWY,2959289.255,315696278,62.32524434671985,28920.05805419727,15.50993894961283,21.656630824770122,18.30703884700218,12.358339773014363,-0.025768656147363567,309.42207776075804
2020-06-14,2068436,114182,328239523,21411.714285714286,2747.71428571429,630.1605550407774,34.78618264991812,6.523198087182903,,,-16.0,-2.0,68.0,-23.0,-13.0,3.0,-2.333333333333349,ALARAZCACOCTDCDEFLGAHIIAIDILINKSKYLAMAMDMEMIMNMOMSMTNCNDNENHNJNMNVNYOHOKORPARISCSDTNTXUTVAVTWAWIWVWY,2959289.255,315696278,62.32524434671985,28920.05805419727,15.50993894961283,21.656630824770122,18.30703884700218,12.358339773014363,-0.025768656147363567,309.42207776075804
2020-06-15,2087159,114591,328239523,21549.714285714286,2425.142857142855,635.8646213362916,34.91078677932395,6.5652405562733795,,,-14.0,-2.0,45.0,-32.0,-35.0,11.0,-2.071428571428587,ALARAZCACOCTDCDEFLGAHIIAIDILINKSKYLAMAMDMEMIMNMOMSMTNCNDNENHNJNMNVNYOHOKORPARISCSDTNTXUTVAVTWAWIWVWY,2959289.255,315696278,62.32524434671985,28920.05805419727,15.50993894961283,21.656630824770122,18.30703884700218,12.358339773014363,-0.025768656147363567,309.42207776075804
2020-06-16,2112206,115343,328239523,22478.428571428572,2465.428571428565,643.495329476213,35.139887770309734,6.848178539251829,,,-13.0,1.0,57.0,-31.0,-36.0,11.0,-1.4047619047619204,ALARAZCACOCTDCDEFLGAHIIAIDILINKSKYLAMAMDMEMIMNMOMSMTNCNDNENHNJNMNVNYOHOKORPARISCSDTNTXUTVAVTWAWIWVWY,2959289.255,315696278,62.32524434671985,28920.05805419727,15.50993894961283,21.656630824770122,18.30703884700218,12.358339773014363,-0.025768656147363567,309.42207776075804
2020-06-17,2136346,116126,328239523,23003.571428571428,2565.0,650.8497150113151,35.378433084062216,7.00816623736424,,,-12.0,0.0,58.0,-31.0,-36.0,11.0,-0.8809523809523965,ALARAZCACOCTDCDEFLGAHIIAIDILINKSKYLAMAMDMEMIMNMOMSMTNCNDNENHNJNMNVNYOHOKORPARISCSDTNTXUTVAVTWAWIWVWY,2959289.255,315696278,62.32524434671985,28920.05805419727,15.50993894961283,21.656630824770122,18.30703884700218,12.358339773014363,-0.025768656147363567,309.42207776075804
2020-06-18,2163651,116894,328239523,23723.714285714286,2667.71428571429,659.16833543534,35.61240856421791,7.227561772234933,,,-13.0,1.0,59.0,-31.0,-36.0,11.0,-0.5476190476190631,ALARAZCACOCTDCDEFLGAHIIAIDILINKSKYLAMAMDMEMIMNMOMSMTNCNDNENHNJNMNVNYOHOKORPARISCSDTNTXUTVAVTWAWIWVWY,2959289.255,315696278,62.32524434671985,28920.05805419727,15.50993894961283,21.656630824770122,18.30703884700218,12.358339773014363,-0.025768656147363567,309.42207776075804
2020-06-19,2194843,117687,328239523,24517.571428571428,2813.428571428565,668.67115207208,35.85400043370158,7.469414775066996,,,-15.0,0.0,60.0,-28.0,-36.0,9.0,-0.42857142857144404,ALARAZCACOCTDCDEFLGAHIIAIDILINKSKYLAMAMDMEMIMNMOMSMTNCNDNENHNJNMNVNYOHOKORPARISCSDTNTXUTVAVTWAWIWVWY,2959289.255,315696278,62.32524434671985,28920.05805419727,15.50993894961283,21.656630824770122,18.30703884700218,12.358339773014363,-0.025768656147363567,309.42207776075804
2020-06-20,2225338,118249,328239523,25283.285714285714,2723.571428571435,677.9616237743558,36.025216865794675,7.7026938996269845,,,-17.0,6.0,69.0,-20.0,-11.0,3.0,-0.47619047619049165,ALARAZCACOCTDCDEFLGAHIIAIDILINKSKYLAMAMDMEMIMNMOMSMTNCNDNENHNJNMNVNYOHOKORPARISCSDTNTXUTVAVTWAWIWVWY,2959289.255,315696278,62.32524434671985,28920.05805419727,15.50993894961283,21.656630824770122,18.30703884700218,12.358339773014363,-0.025768656147363567,309.42207776075804
2020-06-21,2252436,118518,328239523,26285.714285714286,2364.857142857145,686.217180494745,36.1071692149638,8.008089350566808,,,-17.0,2.0,59.0,-23.0,-13.0,2.0,-0.6428571428571583,ALARAZCACOCTDCDEFLGAHIIAIDILINKSKYLAMAMDMEMIMNMOMSMTNCNDNENHNJNMNVNYOHOKORPARISCSDTNTXUTVAVTWAWIWVWY,2959289.255,315696278,62.32524434671985,28920.05805419727,15.50993894961283,21.656630824770122,18.30703884700218,12.358339773014363,-0.025768656147363567,309.42207776075804
2020-06-22,2282279,118869,328239523,27874.285714285714,2096.428571428565,695.3090167633469,36.2141033211287,8.492056489579323,,,-16.0,-5.0,43.0,-32.0,-38.0,11.0,-0.8809523809523964,ALARAZCACOCTDCDEFLGAHIIAIDILINKSKYLAMAMDMEMIMNMOMSMTNCNDNENHNJNMNVNYOHOKORPARISCSDTNTXUTVAVTWAWIWVWY,2959289.255,315696278,62.32524434671985,28920.05805419727,15.50993894961283,21.656630824770122,18.30703884700218,12.358339773014363,-0.025768656147363567,309.42207776075804
2020-06-23,2317297,119692,328239523,29298.714285714286,2308.28571428571,705.9774456228417,36.464834857805954,8.926016592375529,,,-13.0,0.0,54.0,-30.0,-38.0,11.0,-1.0000000000000153,ALARAZCACOCTDCDEFLGAHIIAIDILINKSKYLAMAMDMEMIMNMOMSMTNCNDNENHNJNMNVNYOHOKORPARISCSDTNTXUTVAVTWAWIWVWY,2959289.255,315696278,62.32524434671985,28920.05805419727,15.50993894961283,21.656630824770122,18.30703884700218,12.358339773014363,-0.025768656147363567,309.42207776075804
2020-06-24,2352523,120440,328239523,30882.428571428572,2435.0,716.7092428415453,36.69271722649926,9.408503975747177,,,-12.0,-1.0,57.0,-30.0,-36.0,11.0,-1.023809523809539,ALARAZCACOCTDCDEFLGAHIIAIDILINKSKYLAMAMDMEMIMNMOMSMTNCNDNENHNJNMNVNYOHOKORPARISCSDTNTXUTVAVTWAWIWVWY,2959289.255,315696278,62.32524434671985,28920.05805419727,15.50993894961283,21.656630824770122,18.30703884700218,12.358339773014363,-0.025768656147363567,309.42207776075804
2020-06-25,2391035,121056,328239523,32483.428571428572,2434.71428571429,728.4421382735193,36.88038505954081,9.89625754831132,,,-13.0,1.0,64.0,-29.0,-36.0,11.0,-0.8571428571428724,ALARAZCACOCTDCDEFLGAHIIAIDILINKSKYLAMAMDMEMIMNMOMSMTNCNDNENHNJNMNVNYOHOKORPARISCSDTNTXUTVAVTWAWIWVWY,2959289.255,315696278,62.32524434671985,28920.05805419727,15.50993894961283,21.656630824770122,18.30703884700218,12.358339773014363,-0.025768656147363567,309.42207776075804
2020-06-26,2436937,121684,328239523,34584.857142857145,2468.142857142855,742.4264383908454,37.07170875945978,10.536469474109353,,,-17.0,-3.0,57.0,-28.0,-36.0,11.0,-1.000000000000015,ALARAZCACOCTDCDEFLGAHIIAIDILINKSKYLAMAMDMEMIMNMOMSMTNCNDNENHNJNMNVNYOHOKORPARISCSDTNTXUTVAVTWAWIWVWY,2959289.255,315696278,62.32524434671985,28920.05805419727,15.50993894961283,21.656630824770122,18.30703884700218,12.358339773014363,-0.025768656147363567,309.42207776075804
2020-06-27,2478581,124073,328239523,36177.57142857143,4286.142857142855,755.1135150778293,37.799530923642,11.021698757639076,,,-19.0,-1.0,62.0,-20.0,-12.0,4.0,-1.380952380952396,ALARAZCACOCTDCDEFLGAHIIAIDILINKSKYLAMAMDMEMIMNMOMSMTNCNDNENHNJNMNVNYOHOKORPARISCSDTNTXUTVAVTWAWIWVWY,2959289.255,315696278,62.32524434671985,28920.05805419727,15.50993894961283,21.656630824770122,18.30703884700218,12.358339773014363,-0.025768656147363567,309.42207776075804
2020-06-28,2516787,124328,328239523,37764.42857142857,3709.142857142855,766.7531859044287,37.877218094787445,11.505143629954816,,,,,,,,,,ALARAZCACOCTDCDEFLGAHIIAIDILINKSKYLAMAMDMEMIMNMOMSMTNCNDNENHNJNMNVNYOHOKORPARISCSDTNTXUTVAVTWAWIWVWY,2959289.255,315696278,62.32524434671985,28920.05805419727,15.50993894961283,21.656630824770122,18.30703884700218,12.358339773014363,-0.025768656147363567,309.42207776075804
2020-06-29,2555503,124655,328239523,39032.0,3206.142857142855,778.548231073319,37.97684046719748,11.891316329996007,,,,,,,,,,ALARAZCACOCTDCDEFLGAHIIAIDILINKSKYLAMAMDMEMIMNMOMSMTNCNDNENHNJNMNVNYOHOKORPARISCSDTNTXUTVAVTWAWIWVWY,2959289.255,315696278,62.32524434671985,28920.05805419727,15.50993894961283,21.656630824770122,18.30703884700218,12.358339773014363,-0.025768656147363567,309.42207776075804
2020-06-30,2602781,125962,328239523,40783.42857142857,3686.571428571435,792.9517372592575,38.37502530126453,12.424898805202252,,,,,,,,,,ALARAZCACOCTDCDEFLGAHIIAIDILINKSKYLAMAMDMEMIMNMOMSMTNCNDNENHNJNMNVNYOHOKORPARISCSDTNTXUTVAVTWAWIWVWY,2959289.255,315696278,62.32524434671985,28920.05805419727,15.50993894961283,21.656630824770122,18.30703884700218,12.358339773014363,-0.025768656147363567,309.42207776075804
2020-07-01,2651650,126643,328239523,42732.42857142857,3471.857142857145,807.8399504620289,38.582495746558834,13.018672517211941,,,,,,,,,,ALARAZCACOCTDCDEFLGAHIIAIDILINKSKYLAMAMDMEMIMNMOMSMTNCNDNENHNJNMNVNYOHOKORPARISCSDTNTXUTVAVTWAWIWVWY,2959289.255,315696278,62.32524434671985,28920.05805419727,15.50993894961283,21.656630824770122,18.30703884700218,12.358339773014363,-0.025768656147363567,309.42207776075804
2020-07-02,2707081,127451,328239523,45149.42857142857,3393.71428571429,824.7273135356098,38.8286574496393,13.755025037441508,,,,,,,,,,ALARAZCACOCTDCDEFLGAHIIAIDILINKSKYLAMAMDMEMIMNMOMSMTNCNDNENHNJNMNVNYOHOKORPARISCSDTNTXUTVAVTWAWIWVWY,2959289.255,315696278,62.32524434671985,28920.05805419727,15.50993894961283,21.656630824770122,18.30703884700218,12.358339773014363,-0.025768656147363567,309.42207776075804
